{
  "injections": {
    "__dataframe__": true,
    "content": {
      "chirp_mass": [
        1.4492961609281714
      ],
      "mass_ratio": [
        0.9316375554581786
      ],
      "a_1": [
        0.009195940583854723
      ],
      "a_2": [
        0.010228013927651986
      ],
      "tilt_1": [
        0.2838625145408433
      ],
      "tilt_2": [
        0.2977723514896258
      ],
      "phi_12": [
        0.4822572598678108
      ],
      "phi_jl": [
        0.32658854843578544
      ],
      "luminosity_distance": [
        45.0
      ],
      "dec": [
        0.31218603636783054
      ],
      "ra": [
        4.698030703573854
      ],
      "theta_jn": [
        2.745598298508617
      ],
      "psi": [
        0.02635261518930683
      ],
      "phase": [
        0.6688097436989993
      ],
      "lambda_1": [
        149.35185688469076
      ],
      "lambda_2": [
        984.6167746234049
      ],
      "geocent_time": [
        0.06196251050818696
      ]
    }
  }
}